id,firstname,lastname,email,department,salary
1,Averyl,Kamaria,Averyl.Kamaria@gmail.com,tester,5088
2,Lizzie,Mauer,Lizzie.Mauer@gmail.com,software developer,6221
3,Benita,Alice,Benita.Alice@gmail.com,team leader,7050
4,Marguerite,Smith,Marguerite.Smith@gmail.com,software developer,5725
5,Joleen,Kiyoshi,Joleen.Kiyoshi@gmail.com,project manager,5236
6,Darlleen,Shanley,Darlleen.Shanley@gmail.com,team leader,5953
7,Madelle,Olympium,Madelle.Olympium@gmail.com,team leader,8895
8,Talya,Smith,Talya.Smith@gmail.com,software developer,9539
9,Cristine,Holtz,Cristine.Holtz@gmail.com,tester,5790
10,Alejandra,Chabot,Alejandra.Chabot@gmail.com,project manager,5292
11,Briney,Infield,Briney.Infield@gmail.com,project manager,8417
12,Gerrie,Edvard,Gerrie.Edvard@gmail.com,project manager,5270
13,Dorthy,Hieronymus,Dorthy.Hieronymus@gmail.com,tester,6526
14,Eve,Vastah,Eve.Vastah@gmail.com,project manager,5416
15,Ada,Smith,Ada.Smith@gmail.com,project manager,6866
16,Justinn,Docilla,Justinn.Docilla@gmail.com,tester,8859
17,Coral,Ummersen,Coral.Ummersen@gmail.com,team leader,9656
18,Gavrielle,Linehan,Gavrielle.Linehan@gmail.com,project manager,5841
19,Marsiella,Velick,Marsiella.Velick@gmail.com,software developer,6535
20,Caritta,Borrell,Caritta.Borrell@gmail.com,tester,9991